t_ms,PWM,Presion_kPa
10,0,3.256
20,0,3.244
30,0,3.244
40,0,3.231
50,0,3.231
60,0,3.238
70,0,3.225
80,0,3.231
90,0,3.225
100,0,3.225
110,0,3.263
120,0,3.244
130,0,3.238
140,0,3.244
150,0,3.244
160,0,3.244
170,0,3.231
180,0,3.238
190,0,3.238
200,0,3.244
210,0,3.238
220,0,3.238
230,0,3.238
240,0,3.238
250,0,3.238
260,0,3.238
270,0,3.238
280,0,3.231
290,0,3.238
300,0,3.238
310,0,3.244
320,0,3.231
330,0,3.231
340,0,3.238
350,0,3.244
360,0,3.244
370,0,3.244
380,0,3.250
390,0,3.238
400,0,3.244
410,0,3.238
420,0,3.231
430,0,3.231
440,0,3.244
450,0,3.238
460,0,3.231
470,0,3.231
480,0,3.225
490,0,3.231
500,0,3.225
510,0,3.231
520,0,3.238
530,0,3.231
540,0,3.231
550,0,3.231
560,0,3.244
570,0,3.244
580,0,3.231
590,0,3.231
600,0,3.231
610,0,3.225
620,0,3.231
630,0,3.225
640,0,3.238
650,0,3.231
660,0,3.225
670,0,3.231
680,0,3.231
690,0,3.238
700,0,3.225
710,0,3.238
720,0,3.231
730,0,3.225
740,0,3.225
750,0,3.231
760,0,3.231
770,0,3.231
780,0,3.231
790,0,3.231
800,0,3.231
810,0,3.225
820,0,3.231
830,0,3.225
840,0,3.225
850,0,3.238
860,0,3.231
870,0,3.231
880,0,3.231
890,0,3.238
900,0,3.231
910,0,3.225
920,0,3.225
930,0,3.225
940,0,3.219
950,0,3.219
960,0,3.231
970,0,3.231
980,0,3.231
990,0,3.231
1000,0,3.231
1010,0,3.231
1020,0,3.231
1030,0,3.225
1040,0,3.225
1050,0,3.225
1060,0,3.231
1070,0,3.231
1080,0,3.231
1090,0,3.238
1100,0,3.231
1110,0,3.225
1120,0,3.219
1130,0,3.225
1140,0,3.219
1150,0,3.225
1160,0,3.225
1170,0,3.231
1180,0,3.231
1190,0,3.238
1200,0,3.231
1210,0,3.231
1220,0,3.231
1230,0,3.225
1240,0,3.219
1250,0,3.219
1260,0,3.231
1270,0,3.225
1280,0,3.225
1290,0,3.231
1300,0,3.225
1310,0,3.219
1320,0,3.225
1330,0,3.225
1340,0,3.225
1350,0,3.225
1360,0,3.219
1370,0,3.219
1380,0,3.225
1390,0,3.231
1400,0,3.231
1410,0,3.231
1420,0,3.231
1430,0,3.238
1440,0,3.231
1450,0,3.219
1460,0,3.225
1470,0,3.225
1480,0,3.225
1490,0,3.225
1500,0,3.225
1510,0,3.225
1520,0,3.219
1530,0,3.213
1540,0,3.219
1550,0,3.231
1560,0,3.219
1570,0,3.225
1580,0,3.231
1590,0,3.225
1600,0,3.225
1610,0,3.219
1620,0,3.225
1630,0,3.225
1640,0,3.231
1650,0,3.219
1660,0,3.213
1670,0,3.219
1680,0,3.219
1690,0,3.225
1700,0,3.225
1710,0,3.225
1720,0,3.238
1730,0,3.225
1740,0,3.225
1750,0,3.225
1760,0,3.219
1770,0,3.238
1780,0,3.225
1790,0,3.225
1800,0,3.225
1810,0,3.225
1820,0,3.231
1830,0,3.225
1840,0,3.225
1850,0,3.219
1860,0,3.219
1870,0,3.213
1880,0,3.219
1890,0,3.219
1900,0,3.225
1910,0,3.225
1920,0,3.231
1930,0,3.219
1940,0,3.225
1950,0,3.225
1960,0,3.219
1970,0,3.225
1980,0,3.219
1990,0,3.225
2000,0,3.225
2010,0,3.225
2020,0,3.225
2030,0,3.231
2040,0,3.231
2050,0,3.225
2060,0,3.225
2070,0,3.225
2080,0,3.225
2090,0,3.219
2100,0,3.244
2110,0,3.225
2120,0,3.231
2130,0,3.231
2140,0,3.231
2150,0,3.225
2160,0,3.231
2170,0,3.225
2180,0,3.231
2190,0,3.231
2200,0,3.238
2210,0,3.238
2220,0,3.231
2230,0,3.231
2240,0,3.225
2250,0,3.219
2260,0,3.225
2270,0,3.219
2280,0,3.225
2290,0,3.231
2300,0,3.238
2310,0,3.231
2320,0,3.231
2330,0,3.238
2340,0,3.244
2350,0,3.238
2360,0,3.238
2370,0,3.238
2380,0,3.238
2390,0,3.231
2400,0,3.231
2410,0,3.231
2420,0,3.231
2430,0,3.256
2440,0,3.231
2450,0,3.238
2460,0,3.238
2470,0,3.231
2480,0,3.231
2490,0,3.231
2500,0,3.231
2510,0,3.238
2520,0,3.238
2530,0,3.238
2540,0,3.244
2550,0,3.238
2560,0,3.238
2570,0,3.238
2580,0,3.231
2590,0,3.231
2600,0,3.231
2610,0,3.238
2620,0,3.238
2630,0,3.244
2640,0,3.244
2650,0,3.244
2660,0,3.244
2670,0,3.244
2680,0,3.231
2690,0,3.231
2700,0,3.225
2710,0,3.238
2720,0,3.231
2730,0,3.238
2740,0,3.244
2750,0,3.250
2760,0,3.250
2770,0,3.231
2780,0,3.231
2790,0,3.238
2800,0,3.231
2810,0,3.238
2820,0,3.244
2830,0,3.244
2840,0,3.238
2850,0,3.244
2860,0,3.238
2870,0,3.238
2880,0,3.244
2890,0,3.231
2900,0,3.238
2910,0,3.238
2920,0,3.231
2930,0,3.238
2940,0,3.238
2950,0,3.244
2960,0,3.244
2970,0,3.244
2980,0,3.238
2990,0,3.238
3000,0,3.244
3010,0,3.238
3020,0,3.238
3030,0,3.238
3040,0,3.244
3050,0,3.238
3060,0,3.238
3070,0,3.244
3080,0,3.238
3090,0,3.263
3100,0,3.231
3110,0,3.231
3120,0,3.231
3130,0,3.250
3140,0,3.244
3150,0,3.244
3160,0,3.244
3170,0,3.244
3180,0,3.238
3190,0,3.244
3200,0,3.244
3210,0,3.244
3220,0,3.238
3230,0,3.238
3240,0,3.238
3250,0,3.238
3260,0,3.250
3270,0,3.238
3280,0,3.250
3290,0,3.256
3300,0,3.250
3310,0,3.244
3320,0,3.238
3330,0,3.238
3340,0,3.238
3350,0,3.244
3360,0,3.244
3370,0,3.244
3380,0,3.250
3390,0,3.244
3400,0,3.244
3410,0,3.250
3420,0,3.263
3430,0,3.244
3440,0,3.244
3450,0,3.250
3460,0,3.250
3470,0,3.244
3480,0,3.244
3490,0,3.256
3500,0,3.250
3510,0,3.244
3520,0,3.238
3530,0,3.244
3540,0,3.244
3550,0,3.250
3560,0,3.250
3570,0,3.244
3580,0,3.250
3590,0,3.250
3600,0,3.244
3610,0,3.244
3620,0,3.244
3630,0,3.238
3640,0,3.238
3650,0,3.238
3660,0,3.238
3670,0,3.244
3680,0,3.244
3690,0,3.238
3700,0,3.238
3710,0,3.250
3720,0,3.238
3730,0,3.244
3740,0,3.238
3750,0,3.263
3760,0,3.250
3770,0,3.244
3780,0,3.244
3790,0,3.250
3800,0,3.244
3810,0,3.238
3820,0,3.238
3830,0,3.244
3840,0,3.238
3850,0,3.238
3860,0,3.238
3870,0,3.250
3880,0,3.244
3890,0,3.244
3900,0,3.244
3910,0,3.244
3920,0,3.244
3930,0,3.238
3940,0,3.231
3950,0,3.244
3960,0,3.244
3970,0,3.238
3980,0,3.238
3990,0,3.244
4000,0,3.244
4010,0,3.238
4020,0,3.238
4030,0,3.238
4040,0,3.244
4050,0,3.244
4060,0,3.231
4070,0,3.231
4080,0,3.244
4090,0,3.238
4100,0,3.244
4110,0,3.231
4120,0,3.231
4130,0,3.231
4140,0,3.231
4150,0,3.238
4160,0,3.231
4170,0,3.238
4180,0,3.231
4190,0,3.231
4200,0,3.244
4210,0,3.231
4220,0,3.244
4230,0,3.238
4240,0,3.231
4250,0,3.231
4260,0,3.238
4270,0,3.238
4280,0,3.238
4290,0,3.238
4300,0,3.238
4310,0,3.238
4320,0,3.244
4330,0,3.238
4340,0,3.238
4350,0,3.238
4360,0,3.238
4370,0,3.250
4380,0,3.238
4390,0,3.238
4400,0,3.238
4410,0,3.250
4420,0,3.244
4430,0,3.238
4440,0,3.244
4450,0,3.244
4460,0,3.244
4470,0,3.250
4480,0,3.238
4490,0,3.244
4500,0,3.244
4510,0,3.244
4520,0,3.244
4530,0,3.256
4540,0,3.244
4550,0,3.244
4560,0,3.231
4570,0,3.244
4580,0,3.238
4590,0,3.244
4600,0,3.238
4610,0,3.244
4620,0,3.250
4630,0,3.250
4640,0,3.250
4650,0,3.250
4660,0,3.250
4670,0,3.244
4680,0,3.244
4690,0,3.238
4700,0,3.244
4710,0,3.238
4720,0,3.250
4730,0,3.244
4740,0,3.250
4750,0,3.238
4760,0,3.231
4770,0,3.244
4780,0,3.244
4790,0,3.238
4800,0,3.244
4810,0,3.250
4820,0,3.250
4830,0,3.250
4840,0,3.244
4850,0,3.244
4860,0,3.244
4870,0,3.250
4880,0,3.244
4890,0,3.238
4900,0,3.244
4910,0,3.244
4920,0,3.250
4930,0,3.244
4940,0,3.244
4950,0,3.244
4960,0,3.250
4970,0,3.244
4980,0,3.250
4990,0,3.231
5000,0,3.244
5010,255,3.250
5020,255,3.250
5030,255,3.313
5040,250,5.950
5050,216,11.856
5060,218,17.944
5070,218,23.313
5080,220,27.438
5090,218,31.488
5100,219,34.481
5110,218,37.088
5120,217,39.381
5130,215,41.463
5140,213,43.250
5150,209,44.925
5160,205,46.356
5170,201,47.600
5180,196,48.631
5190,192,49.525
5200,187,50.294
5210,183,50.906
5220,178,51.469
5230,173,51.963
5240,168,52.319
5250,163,52.706
5260,158,52.963
5270,153,53.181
5280,148,53.375
5290,144,53.475
5300,139,53.550
5310,135,53.538
5320,131,53.525
5330,128,53.469
5340,124,53.406
5350,121,53.288
5360,118,53.181
5370,116,53.013
5380,114,52.806
5390,112,52.613
5400,111,52.313
5410,110,52.125
5420,109,51.875
5430,109,51.581
5440,108,51.406
5450,108,51.213
5460,108,50.988
5470,108,50.825
5480,109,50.600
5490,109,50.450
5500,110,50.256
5510,111,50.013
5520,112,49.825
5530,114,49.631
5540,116,49.450
5550,117,49.256
5560,119,49.088
5570,122,48.888
5580,124,48.700
5590,127,48.525
5600,130,48.344
5610,133,48.150
5620,137,47.950
5630,140,47.806
5640,144,47.625
5650,147,47.494
5660,151,47.313
5670,156,47.138
5680,160,46.950
5690,165,46.738
5700,169,46.750
5710,171,46.975
5720,171,47.425
5730,172,47.700
5740,171,48.194
5750,170,48.731
5760,168,49.163
5770,166,49.575
5780,164,50.006
5790,161,50.488
5800,158,50.825
5810,155,51.131
5820,152,51.356
5830,149,51.619
5840,145,51.875
5850,142,52.006
5860,139,52.094
5870,136,52.238
5880,133,52.288
5890,130,52.288
5900,128,52.281
5910,125,52.256
5920,123,52.194
5930,122,52.081
5940,120,51.944
5950,119,51.806
5960,118,51.669
5970,117,51.469
5980,117,51.256
5990,117,51.050
6000,117,50.819
6010,118,50.594
6020,119,50.400
6030,119,50.206
6040,121,49.981
6050,122,49.775
6060,124,49.588
6070,125,49.406
6080,127,49.206
6090,129,49.069
6100,132,48.819
6110,134,48.681
6120,137,48.531
6130,139,48.438
6140,141,48.413
6150,143,48.419
6160,144,48.444
6170,146,48.525
6180,147,48.513
6190,148,48.713
6200,148,48.856
6210,149,48.981
6220,148,49.244
6230,148,49.406
6240,148,49.550
6250,146,49.825
6260,146,49.931
6270,144,50.150
6280,143,50.294
6290,142,50.463
6300,141,50.538
6310,139,50.725
6320,138,50.763
6330,136,50.863
6340,135,50.919
6350,134,50.919
6360,132,51.013
6370,131,51.031
6380,130,50.988
6390,129,50.950
6400,128,50.956
6410,128,50.838
6420,127,50.813
6430,126,50.725
6440,126,50.619
6450,126,50.519
6460,126,50.419
6470,126,50.338
6480,127,50.175
6490,128,50.075
6500,128,49.950
6510,129,49.838
6520,130,49.700
6530,131,49.669
6540,132,49.544
6550,133,49.538
6560,134,49.406
6570,135,49.425
6580,136,49.344
6590,137,49.369
6600,138,49.319
6610,138,49.381
6620,138,49.431
6630,139,49.438
6640,139,49.494
6650,139,49.563
6660,140,49.594
6670,140,49.619
6680,140,49.713
6690,139,49.869
6700,139,49.869
6710,138,49.975
6720,137,50.119
6730,137,50.113
6740,136,50.231
6750,136,50.206
6760,136,50.269
6770,135,50.344
6780,135,50.325
6790,134,50.419
6800,133,50.438
6810,133,50.394
6820,132,50.406
6830,132,50.363
6840,132,50.369
6850,132,50.325
6860,131,50.313
6870,131,50.313
6880,131,50.238
6890,131,50.219
6900,131,50.125
6910,131,50.119
6920,132,50.038
6930,132,50.031
6940,132,49.981
6950,133,49.888
6960,133,49.900
6970,133,49.844
6980,133,49.869
6990,134,49.775
7000,134,49.769
7010,135,49.719
7020,135,49.744
7030,135,49.788
7040,136,49.700
7050,136,49.769
7060,136,49.700
7070,136,49.775
7080,136,49.800
7090,136,49.813
7100,136,49.844
7110,137,49.788
7120,137,49.863
7130,137,49.900
7140,136,49.944
7150,137,49.925
7160,137,49.938
7170,136,50.075
7180,136,50.006
7190,136,50.038
7200,136,50.094
7210,135,50.100
7220,135,50.113
7230,135,50.081
7240,135,50.169
7250,134,50.181
7260,134,50.131
7270,134,50.206
7280,134,50.169
7290,134,50.163
7300,134,50.094
7310,133,50.144
7320,133,50.150
7330,133,50.100
7340,133,50.094
7350,134,50.056
7360,133,50.100
7370,133,50.081
7380,133,50.031
7390,134,50.013
7400,134,49.969
7410,134,49.969
7420,134,49.919
7430,134,49.944
7440,134,49.938
7450,135,49.906
7460,135,49.838
7470,135,49.863
7480,135,49.906
7490,136,49.825
7500,136,49.844
7510,136,49.806
7520,136,49.881
7530,136,49.881
7540,136,49.875
7550,136,49.906
7560,137,49.831
7570,136,49.938
7580,136,49.906
7590,137,49.900
7600,136,49.969
7610,136,49.944
7620,136,49.950
7630,136,49.956
7640,136,49.988
7650,136,50.006
7660,136,50.019
7670,136,50.031
7680,136,49.994
7690,136,50.075
7700,136,50.031
7710,136,50.038
7720,135,50.094
7730,136,50.050
7740,135,50.063
7750,135,50.056
7760,135,50.106
7770,135,50.038
7780,135,50.075
7790,135,50.088
7800,135,50.038
7810,135,50.056
7820,135,50.019
7830,135,50.038
7840,135,50.069
7850,135,50.044
7860,135,50.050
7870,135,50.038
7880,134,50.075
7890,135,50.050
7900,135,50.038
7910,135,50.044
7920,134,50.056
7930,134,50.094
7940,134,50.025
7950,134,50.056
7960,134,50.038
7970,134,50.031
7980,134,50.019
7990,135,49.956
8000,134,50.000
8010,135,49.988
8020,135,49.981
8030,135,49.925
8040,135,49.881
8050,135,49.950
8060,136,49.875
8070,136,49.906
8080,136,49.881
8090,136,49.906
8100,136,49.894
8110,136,49.875
8120,136,49.888
8130,136,49.881
8140,137,49.894
8150,137,49.863
8160,137,49.919
8170,136,49.950
8180,137,49.950
8190,137,49.956
8200,136,49.975
8210,136,50.044
8220,136,50.025
8230,136,50.044
8240,136,50.075
8250,136,50.075
8260,135,50.081
8270,136,50.063
8280,135,50.100
8290,135,50.131
8300,135,50.100
8310,135,50.100
8320,135,50.038
8330,134,50.138
8340,135,50.063
8350,135,50.044
8360,135,50.025
8370,135,50.019
8380,134,50.088
8390,135,49.969
8400,134,50.088
8410,135,50.000
8420,135,49.975
8430,135,49.931
8440,135,49.950
8450,135,50.006
8460,136,49.919
8470,135,49.963
8480,136,49.931
8490,135,49.975
8500,135,49.994
8510,136,49.913
8520,136,49.975
8530,136,49.919
8540,136,49.969
8550,136,49.938
8560,136,49.913
8570,136,49.963
8580,136,49.944
8590,136,49.988
8600,136,49.925
8610,136,50.000
8620,136,49.981
8630,136,50.013
8640,136,49.975
8650,136,49.981
8660,136,50.056
8670,136,49.994
8680,136,49.994
8690,136,49.994
8700,136,50.025
8710,135,50.075
8720,136,50.013
8730,135,50.075
8740,136,49.981
8750,136,50.025
8760,136,49.988
8770,136,50.006
8780,135,50.050
8790,136,49.988
8800,136,50.006
8810,136,50.000
8820,135,50.050
8830,136,50.013
8840,136,50.006
8850,135,50.044
8860,135,50.006
8870,135,50.025
8880,135,50.000
8890,135,50.031
8900,135,50.013
8910,135,50.031
8920,135,50.006
8930,135,50.000
8940,135,50.063
8950,135,50.019
8960,135,50.038
8970,135,50.025
8980,135,50.050
8990,135,50.063
9000,135,49.994
9010,135,50.050
9020,135,50.031
9030,135,50.019
9040,135,50.056
9050,135,49.981
9060,135,50.063
9070,135,49.981
9080,135,49.975
9090,135,49.981
9100,135,49.969
9110,135,49.994
9120,136,49.925
9130,135,49.963
9140,136,49.900
9150,135,49.969
9160,136,49.875
9170,136,49.894
9180,136,49.894
9190,137,49.875
9200,136,49.931
9210,137,49.856
9220,137,49.925
9230,137,49.931
9240,136,49.969
9250,137,49.950
9260,137,49.938
9270,136,50.006
9280,137,49.963
9290,136,49.994
9300,137,49.950
9310,136,50.013
9320,136,50.069
9330,136,50.031
9340,136,50.031
9350,136,50.006
9360,136,50.106
9370,136,50.094
9380,136,50.081
9390,135,50.138
9400,135,50.056
9410,135,50.094
9420,135,50.063
9430,135,50.100
9440,135,50.088
9450,135,50.031
9460,135,50.075
9470,135,50.050
9480,135,50.031
9490,135,50.006
9500,135,50.019
9510,135,50.025
9520,135,50.019
9530,135,50.000
9540,135,49.994
9550,135,50.019
9560,135,50.013
9570,135,50.044
9580,135,50.000
9590,135,50.013
9600,135,50.069
9610,135,50.031
9620,135,50.050
9630,135,50.006
9640,134,50.081
9650,134,50.119
9660,134,50.038
9670,134,50.100
9680,134,50.025
9690,134,50.106
9700,134,50.038
9710,134,50.038
9720,134,50.063
9730,134,50.031
9740,134,50.044
9750,134,49.956
9760,134,50.038
9770,134,49.969
9780,134,49.963
9790,135,49.931
9800,135,49.913
9810,135,49.938
9820,135,49.881
9830,135,49.888
9840,136,49.813
9850,135,49.913
9860,136,49.881
9870,136,49.875
9880,136,49.844
9890,137,49.831
9900,136,49.881
9910,137,49.838
9920,137,49.888
9930,137,49.813
9940,137,49.869
9950,137,49.931
9960,137,49.888
9970,137,49.950
9980,137,49.888
9990,137,49.988
10000,137,50.019
10010,137,49.969
10020,137,50.031
10030,137,50.013
10040,136,50.106
10050,136,50.044
10060,136,50.094
10070,136,50.088
10080,136,50.075
10090,135,50.144
10100,135,50.100
10110,135,50.100
10120,135,50.075
10130,135,50.088
10140,135,50.138
10150,135,50.106
10160,135,50.100
10170,135,50.019
10180,135,50.106
10190,135,50.069
10200,135,50.038
10210,135,50.056
10220,135,50.006
10230,134,50.075
10240,135,49.981
10250,135,50.044
10260,135,49.981
10270,135,50.025
10280,134,50.063
10290,135,49.988
10300,135,50.044
10310,135,49.994
10320,134,50.044
10330,134,50.038
10340,134,50.031
10350,134,50.031
10360,135,50.006
10370,134,50.100
10380,135,49.950
10390,134,50.031
10400,135,49.963
10410,135,49.969
10420,135,49.931
10430,135,49.925
10440,135,49.988
10450,135,49.900
10460,136,49.894
10470,136,49.856
10480,136,49.931
10490,136,49.931
10500,136,49.875
10510,136,49.881
10520,137,49.863
10530,136,49.944
10540,137,49.888
10550,137,49.919
10560,137,49.919
10570,137,49.938
10580,136,49.994
10590,137,49.925
10600,136,49.994
10610,136,50.006
10620,136,50.038
10630,136,50.006
10640,136,50.006
10650,136,50.038
10660,136,50.000
10670,136,50.025
10680,136,50.006
10690,136,50.038
10700,135,50.094
10710,136,50.013
10720,135,50.088
10730,136,50.044
10740,135,50.113
10750,136,50.025
10760,135,50.094
10770,135,50.138
10780,135,50.100
10790,135,50.113
10800,135,50.100
10810,134,50.150
10820,134,50.125
10830,134,50.125
10840,134,50.113
10850,134,50.100
10860,133,50.163
10870,134,50.069
10880,134,50.056
10890,134,50.006
10900,134,50.031
10910,134,50.013
10920,134,49.950
10930,134,49.956
10940,135,49.925
10950,135,49.931
10960,135,49.850
10970,135,49.869
10980,136,49.806
10990,136,49.838
11000,136,49.838
11010,136,49.825
11020,137,49.800
11030,137,49.819
11040,137,49.856
11050,137,49.825
11060,137,49.844
11070,137,49.906
11080,137,49.894
11090,137,49.944
11100,137,49.894
11110,137,50.013
11120,137,50.025
11130,137,50.006
11140,137,50.013
11150,136,50.056
11160,136,50.163
11170,136,50.100
11180,136,50.113
11190,135,50.181
11200,134,50.231
11210,134,50.231
11220,134,50.169
11230,133,50.275
11240,133,50.231
11250,133,50.188
11260,133,50.206
11270,133,50.188
11280,133,50.219
11290,133,50.125
11300,133,50.144
11310,133,50.138
11320,132,50.125
11330,132,50.150
11340,133,50.044
11350,133,50.025
11360,133,49.994
11370,133,49.975
11380,134,49.894
11390,134,49.888
11400,134,49.825
11410,134,49.856
11420,135,49.838
11430,135,49.794
11440,136,49.750
11450,136,49.756
11460,136,49.794
11470,137,49.725
11480,137,49.763
11490,137,49.756
11500,137,49.769
11510,137,49.813
11520,137,49.819
11530,138,49.825
11540,138,49.800
11550,137,49.950
11560,137,49.925
11570,137,49.950
11580,137,49.944
11590,137,50.000
11600,137,50.063
11610,137,50.019
11620,137,50.044
11630,136,50.088
11640,136,50.088
11650,136,50.100
11660,136,50.075
11670,135,50.213
11680,135,50.144
11690,135,50.194
11700,134,50.225
11710,134,50.169
11720,134,50.181
11730,134,50.169
11740,134,50.206
11750,134,50.188
11760,134,50.119
11770,134,50.113
11780,134,50.063
11790,133,50.138
11800,134,49.994
11810,134,50.044
11820,134,49.956
11830,134,49.944
11840,135,49.913
11850,135,49.913
11860,135,49.913
11870,135,49.856
11880,136,49.850
11890,136,49.806
11900,136,49.888
11910,136,49.819
11920,136,49.844
11930,137,49.806
11940,137,49.831
11950,137,49.888
11960,137,49.844
11970,137,49.875
11980,137,49.888
11990,137,49.919
12000,137,49.950
12010,137,49.913
12020,137,50.006
12030,137,49.944
12040,137,50.006
12050,137,50.013
12060,136,50.050
12070,136,50.050
12080,136,50.088
12090,136,50.131
12100,136,50.113
12110,135,50.131
12120,136,50.088
12130,135,50.156
12140,135,50.188
12150,135,50.113
12160,134,50.188
12170,135,50.113
12180,134,50.188
12190,134,50.125
12200,134,50.113
12210,134,50.119
12220,134,50.063
12230,134,50.144
12240,134,50.063
12250,134,50.063
12260,134,50.013
12270,134,50.050
12280,134,50.063
12290,134,49.988
12300,134,50.050
12310,134,49.988
12320,134,50.056
12330,134,50.013
12340,134,50.000
12350,134,50.025
12360,134,50.056
12370,134,50.025
12380,134,49.981
12390,133,50.075
12400,134,50.006
12410,134,50.006
12420,134,50.006
12430,134,50.013
12440,133,50.069
12450,134,49.981
12460,133,50.050
12470,134,49.956
12480,133,50.044
12490,134,50.000
12500,134,49.988
12510,134,49.988
12520,134,49.944
12530,134,50.019
12540,134,49.938
12550,134,49.975
12560,135,49.894
12570,134,49.969
12580,134,49.994
12590,134,49.956
12600,134,49.988
12610,134,49.938
12620,134,50.019
12630,134,49.975
12640,134,49.981
12650,135,49.944
12660,135,49.950
12670,134,50.006
12680,135,49.944
12690,135,49.950
12700,135,49.963
12710,135,49.981
12720,135,49.900
12730,135,49.919
12740,135,49.956
12750,135,49.950
12760,135,49.956
12770,136,49.869
12780,135,49.925
12790,136,49.906
12800,136,49.919
12810,136,49.913
12820,136,49.888
12830,136,49.950
12840,136,49.950
12850,136,49.975
12860,136,49.906
12870,136,49.963
12880,136,49.969
12890,136,49.969
12900,136,49.969
12910,136,49.938
12920,136,50.038
12930,136,50.019
12940,136,50.013
12950,136,49.969
12960,136,50.013
12970,135,50.081
12980,136,49.988
12990,136,50.038
13000,136,50.013
13010,135,50.044
13020,135,50.044
13030,136,50.013
13040,135,50.088
13050,135,50.031
13060,135,50.031
13070,135,50.013
13080,135,50.050
13090,135,50.019
13100,135,50.044
13110,135,50.025
13120,135,49.994
13130,135,50.075
13140,135,49.994
13150,135,50.044
13160,135,49.994
13170,135,50.013
13180,135,50.081
13190,135,50.031
13200,135,50.050
13210,135,50.013
13220,134,50.094
13230,134,50.063
13240,134,50.044
13250,134,50.050
13260,135,49.975
13270,134,50.044
13280,135,50.000
13290,135,49.975
13300,135,49.900
13310,135,49.969
13320,135,49.994
13330,135,49.956
13340,135,49.950
13350,135,49.950
13360,135,49.969
13370,136,49.894
13380,136,49.919
13390,136,49.900
13400,136,49.963
13410,136,49.931
13420,136,49.869
13430,136,49.944
13440,136,49.919
13450,136,49.981
13460,136,49.931
13470,136,49.944
13480,136,49.956
13490,136,49.963
13500,136,49.956
13510,136,49.956
13520,136,50.006
13530,136,50.031
13540,136,50.025
13550,136,50.019
13560,136,50.013
13570,136,50.069
13580,135,50.075
13590,135,50.081
13600,135,50.056
13610,135,50.094
13620,134,50.181
13630,135,50.125
13640,134,50.138
13650,134,50.125
13660,134,50.181
13670,134,50.169
13680,134,50.144
13690,133,50.200
13700,133,50.131
13710,133,50.125
13720,133,50.125
13730,132,50.181
13740,133,50.144
13750,133,50.075
13760,132,50.119
13770,133,50.069
13780,132,50.088
13790,133,49.994
13800,133,50.031
13810,133,49.963
13820,133,49.969
13830,133,49.994
13840,134,49.900
13850,133,49.963
13860,134,49.875
13870,134,49.906
13880,134,49.881
13890,134,49.906
13900,135,49.850
13910,135,49.838
13920,135,49.894
13930,135,49.875
13940,135,49.875
13950,135,49.863
13960,135,49.881
13970,135,49.913
13980,135,49.913
13990,135,49.925
14000,136,49.869
14010,135,49.975
14020,136,49.925
14030,136,49.938
14040,136,49.931
14050,136,49.981
14060,136,49.988
14070,135,50.006
14080,135,50.019
14090,135,50.056
14100,135,50.050
14110,135,50.019
14120,135,50.038
14130,135,50.075
14140,135,50.044
14150,134,50.088
14160,135,49.994
14170,135,50.069
14180,135,50.025
14190,135,50.050
14200,135,49.994
14210,135,50.013
14220,134,50.063
14230,135,50.013
14240,135,50.025
14250,135,49.963
14260,135,49.994
14270,135,49.975
14280,135,49.969
14290,135,49.988
14300,135,49.931
14310,135,50.013
14320,135,49.944
14330,135,49.969
14340,136,49.919
14350,135,49.969
14360,135,49.963
14370,136,49.925
14380,135,49.975
14390,136,49.913
14400,136,49.969
14410,136,49.956
14420,136,49.938
14430,136,49.963
14440,136,49.950
14450,136,50.006
14460,136,49.931
14470,136,49.994
14480,136,50.006
14490,135,50.056
14500,135,50.031
14510,136,49.994
14520,135,50.019
14530,136,50.000
14540,135,50.038
14550,136,49.950
14560,136,49.988
14570,136,49.994
14580,135,50.038
14590,135,50.044
14600,136,50.006
14610,135,50.025
14620,135,50.013
14630,135,50.044
14640,135,50.031
14650,135,50.031
14660,135,50.050
14670,135,50.069
14680,135,50.006
14690,135,49.969
14700,135,50.031
14710,135,49.969
14720,135,49.981
14730,136,49.969
14740,136,49.956
14750,135,50.013
14760,136,49.938
14770,136,49.975
14780,136,49.894
14790,135,50.013
14800,136,50.006
14810,136,49.988
14820,136,49.981
14830,136,49.950
14840,135,50.031
14850,136,49.950
14860,136,50.000
14870,136,49.956
14880,136,50.025
14890,136,50.019
14900,136,49.981
14910,135,50.044
14920,136,49.969
14930,135,50.081
14940,135,50.044
14950,135,50.044
14960,135,50.050
14970,135,50.025
14980,135,50.081
14990,135,50.013
15000,135,50.069
15010,135,50.044
15020,135,50.044
15030,135,50.006
15040,135,50.019
15050,135,50.056
15060,135,49.994
15070,135,50.044
15080,135,49.963
15090,135,49.994
15100,135,50.013
15110,135,49.994
15120,135,50.019
15130,135,49.944
15140,135,50.056
15150,135,50.019
15160,135,50.006
15170,135,49.981
15180,135,50.025
15190,134,50.081
15200,135,50.044
15210,134,50.050
15220,135,50.031
15230,134,50.113
15240,134,50.100
15250,134,50.056
15260,134,50.113
15270,134,50.063
15280,133,50.144
15290,133,50.088
15300,133,50.075
15310,133,50.125
15320,133,50.106
15330,133,50.131
15340,133,50.056
15350,133,50.075
15360,133,49.994
15370,133,50.000
15380,134,49.963
15390,134,49.981
15400,134,49.956
15410,134,49.913
15420,134,49.869
15430,135,49.806
15440,135,49.838
15450,135,49.806
15460,135,49.844
15470,136,49.800
15480,136,49.806
15490,136,49.775
15500,136,49.825
15510,136,49.875
15520,137,49.838
15530,137,49.850
15540,137,49.838
15550,137,49.925
15560,137,49.919
15570,137,49.919
15580,137,49.944
15590,137,49.956
15600,136,50.038
15610,136,50.006
15620,136,50.056
15630,136,50.050
15640,136,50.088
15650,136,50.088
15660,135,50.088
15670,135,50.100
15680,135,50.094
15690,135,50.113
15700,135,50.163
15710,134,50.156
15720,134,50.156
15730,134,50.131
15740,134,50.200
15750,134,50.156
15760,133,50.175
15770,134,50.100
15780,133,50.125
15790,133,50.138
15800,133,50.088
15810,133,50.081
15820,134,50.000
15830,134,50.013
15840,134,49.963
15850,134,49.969
15860,134,49.919
15870,135,49.844
15880,135,49.875
15890,135,49.850
15900,135,49.881
15910,136,49.831
15920,136,49.825
15930,136,49.806
15940,136,49.831
15950,136,49.856
15960,136,49.869
15970,136,49.875
15980,137,49.863
15990,136,49.956
16000,137,49.881
16010,137,49.938
16020,136,49.963
16030,136,49.963
16040,136,49.988
16050,137,49.963
16060,136,50.063
16070,136,50.050
16080,136,50.075
16090,136,50.063
16100,136,50.063
16110,135,50.144
16120,135,50.063
16130,135,50.106
16140,135,50.119
16150,135,50.125
16160,134,50.175
16170,134,50.106
16180,134,50.144
16190,134,50.094
16200,134,50.138
16210,134,50.088
16220,134,50.106
16230,134,50.069
16240,134,50.075
16250,133,50.119
16260,134,50.000
16270,134,50.038
16280,134,49.950
16290,134,50.050
16300,134,49.981
16310,134,49.969
16320,134,50.025
16330,134,49.994
16340,134,50.025
16350,134,49.963
16360,134,50.025
16370,134,49.969
16380,134,50.013
16390,134,49.981
16400,134,49.988
16410,134,50.025
16420,134,49.969
16430,134,50.031
16440,134,49.963
16450,134,50.038
16460,134,50.031
16470,134,50.025
16480,134,50.025
16490,134,50.019
16500,134,50.044
16510,134,50.019
16520,134,50.050
16530,134,49.975
16540,134,50.031
16550,134,50.013
16560,134,50.019
16570,134,50.025
16580,134,49.938
16590,134,49.950
16600,135,49.900
16610,134,49.981
16620,134,49.950
16630,135,49.894
16640,135,49.894
16650,135,49.881
16660,135,49.888
16670,136,49.819
16680,135,49.925
16690,136,49.881
16700,136,49.906
16710,136,49.813
16720,136,49.875
16730,136,49.875
16740,136,49.875
16750,137,49.888
16760,137,49.819
16770,137,49.856
16780,137,49.875
16790,137,49.906
16800,137,49.913
16810,137,49.944
16820,137,49.981
16830,137,49.975
16840,137,49.994
16850,137,49.950
16860,137,50.013
16870,136,50.081
16880,136,50.038
16890,136,50.100
16900,136,50.063
16910,136,50.106
16920,136,50.113
16930,136,50.100
16940,135,50.106
16950,135,50.113
16960,135,50.175
16970,135,50.075
16980,135,50.113
16990,134,50.144
17000,135,50.100
17010,134,50.119
17020,135,50.044
17030,134,50.144
17040,134,50.056
17050,134,50.038
17060,135,50.000
17070,134,50.031
17080,134,50.069
17090,135,50.013
17100,134,50.013
17110,135,49.956
17120,135,50.006
17130,135,49.925
17140,135,49.950
17150,135,49.900
17160,136,49.906
17170,135,49.944
17180,136,49.869
17190,136,49.925
17200,136,49.856
17210,136,49.913
17220,136,49.894
17230,136,49.975
17240,136,49.938
17250,136,49.938
17260,136,50.000
17270,136,50.038
17280,135,50.056
17290,136,50.000
17300,135,50.081
17310,135,50.131
17320,135,50.063
17330,134,50.194
17340,134,50.113
17350,134,50.163
17360,134,50.119
17370,134,50.144
17380,133,50.181
17390,133,50.144
17400,133,50.144
17410,134,50.069
17420,133,50.156
17430,133,50.088
17440,133,50.075
17450,133,50.056
17460,134,50.000
17470,133,50.031
17480,134,49.938
17490,134,49.950
17500,135,49.850
17510,134,49.900
17520,135,49.831
17530,135,49.881
17540,135,49.838
17550,136,49.819
17560,136,49.850
17570,136,49.788
17580,136,49.863
17590,136,49.813
17600,137,49.838
17610,137,49.794
17620,137,49.863
17630,137,49.913
17640,137,49.888
17650,137,49.888
17660,137,49.956
17670,137,49.956
17680,137,49.931
17690,137,49.994
17700,136,50.056
17710,136,50.013
17720,136,50.075
17730,136,50.019
17740,135,50.125
17750,136,50.094
17760,136,50.075
17770,135,50.094
17780,135,50.119
17790,135,50.150
17800,135,50.094
17810,135,50.106
17820,134,50.150
17830,134,50.163
17840,134,50.188
17850,134,50.119
17860,133,50.188
17870,133,50.169
17880,133,50.156
17890,133,50.156
17900,133,50.125
17910,133,50.131
17920,133,50.056
17930,133,50.063
17940,134,49.981
17950,134,49.969
17960,134,49.881
17970,134,49.919
17980,135,49.856
17990,135,49.875
18000,135,49.813
18010,135,49.850
18020,135,49.850
18030,136,49.781
18040,136,49.819
18050,137,49.750
18060,137,49.831
18070,137,49.788
18080,137,49.825
18090,138,49.775
18100,138,49.794
18110,137,49.931
18120,138,49.850
18130,137,49.894
18140,137,49.919
18150,137,50.019
18160,137,50.031
18170,137,50.013
18180,136,50.069
18190,136,50.100
18200,136,50.125
18210,136,50.088
18220,136,50.131
18230,135,50.181
18240,135,50.150
18250,135,50.156
18260,135,50.138
18270,134,50.163
18280,134,50.169
18290,134,50.150
18300,134,50.163
18310,134,50.163
18320,134,50.144
18330,134,50.063
18340,134,50.113
18350,134,50.094
18360,134,50.081
18370,134,50.038
18380,134,49.988
18390,134,50.025
18400,134,49.981
18410,134,49.994
18420,135,49.925
18430,134,49.956
18440,135,49.913
18450,135,49.931
18460,135,49.906
18470,135,49.906
18480,135,49.906
18490,135,49.888
18500,135,49.963
18510,136,49.888
18520,136,49.888
18530,136,49.869
18540,136,49.863
18550,136,49.925
18560,136,49.888
18570,136,49.944
18580,136,49.919
18590,136,49.975
18600,136,49.994
18610,136,50.000
18620,135,50.063
18630,136,50.031
18640,135,50.163
18650,135,50.069
18660,134,50.150
18670,134,50.181
18680,134,50.175
18690,134,50.163
18700,134,50.138
18710,133,50.194
18720,133,50.150
18730,133,50.119
18740,133,50.113
18750,133,50.131
18760,133,50.119
18770,133,50.031
18780,133,50.025
18790,134,49.944
18800,133,50.025
18810,134,49.938
18820,134,49.956
18830,135,49.881
18840,135,49.819
18850,135,49.825
18860,136,49.800
18870,135,49.869
18880,136,49.769
18890,136,49.825
18900,137,49.750
18910,137,49.813
18920,137,49.813
18930,137,49.800
18940,137,49.800
18950,137,49.825
18960,137,49.875
18970,138,49.844
18980,137,49.925
18990,138,49.900
19000,137,49.975
19010,137,49.931
19020,137,50.013
19030,137,50.081
19040,137,50.044
19050,137,50.050
19060,136,50.063
19070,136,50.100
19080,135,50.175
19090,136,50.131
19100,135,50.175
19110,135,50.119
19120,135,50.144
19130,135,50.163
19140,135,50.131
19150,134,50.169
19160,134,50.156
19170,134,50.156
19180,134,50.088
19190,134,50.119
19200,134,50.056
19210,134,50.100
19220,134,50.069
19230,135,49.981
19240,134,50.006
19250,135,49.944
19260,135,49.975
19270,135,49.894
19280,135,49.919
19290,136,49.881
19300,135,49.931
19310,136,49.913
19320,136,49.875
19330,136,49.906
19340,136,49.931
19350,136,49.963
19360,136,49.931
19370,136,49.931
19380,136,49.981
19390,136,50.006
19400,136,49.994
19410,136,50.000
19420,136,50.006
19430,136,50.013
19440,135,50.044
19450,135,50.031
19460,135,50.044
19470,135,50.075
19480,135,50.081
19490,135,50.094
19500,135,50.006
19510,135,50.063
19520,135,50.044
19530,135,50.044
19540,135,50.050
19550,135,50.000
19560,135,50.038
19570,135,50.006
19580,135,50.025
19590,135,49.994
19600,135,49.975
19610,135,49.988
19620,135,50.006
19630,134,50.075
19640,135,49.975
19650,135,50.050
19660,135,49.969
19670,135,49.963
19680,135,49.938
19690,135,49.963
19700,135,49.988
19710,135,49.963
19720,135,49.950
19730,136,49.931
19740,135,50.006
19750,136,49.938
19760,135,49.969
19770,136,49.919
19780,136,49.944
19790,135,50.006
19800,136,49.969
19810,135,50.019
19820,136,49.938
19830,135,50.006
19840,135,50.019
19850,135,50.013
19860,136,49.975
19870,136,49.969
19880,136,50.000
19890,136,49.963
19900,136,50.013
19910,136,49.950
19920,135,50.025
19930,136,50.013
19940,135,50.019
19950,136,50.006
19960,136,50.006
19970,135,50.025
19980,135,50.006
19990,135,50.038
20000,135,50.081
20010,135,50.063
20020,135,50.056
20030,135,50.019
20040,135,50.063
20050,135,50.031
20060,135,50.056
20070,135,50.056
20080,135,49.994
20090,135,50.075
20100,135,50.050
20110,134,50.069
20120,135,50.000
20130,134,50.050
20140,135,50.025
20150,134,50.100
20160,134,50.044
20170,135,50.006
20180,134,50.069
20190,134,50.006
20200,134,50.038
20210,135,49.981
20220,135,49.969
20230,135,49.975
20240,135,49.950
20250,135,49.994
20260,135,49.919
20270,135,49.969
20280,135,49.938
20290,135,50.006
20300,136,49.888
20310,135,49.956
20320,135,49.938
20330,135,49.931
20340,136,49.925
20350,136,49.888
20360,136,49.944
20370,136,49.900
20380,136,49.963
20390,136,49.900
20400,136,49.894
20410,136,49.956
20420,136,49.944
20430,136,50.006
20440,136,49.919
20450,136,49.981
20460,136,49.969
20470,136,50.019
20480,136,49.975
20490,136,49.988
20500,136,50.000
20510,136,50.000
20520,136,50.013
20530,136,50.013
20540,136,50.031
20550,135,50.069
20560,135,50.075
20570,135,50.069
20580,136,50.019
20590,135,50.075
20600,135,50.031
20610,135,50.100
20620,135,50.044
20630,135,50.069
20640,135,50.050
20650,135,49.988
20660,135,50.056
20670,135,50.025
20680,135,50.056
20690,135,50.019
20700,135,50.019
20710,135,50.013
20720,135,49.988
20730,135,50.013
20740,135,49.981
20750,135,49.981
20760,135,49.950
20770,135,50.025
20780,135,49.981
20790,135,49.956
20800,135,49.963
20810,135,49.969
20820,135,50.038
20830,135,49.981
20840,135,49.988
20850,136,49.931
20860,136,49.956
20870,136,49.988
20880,136,49.963
20890,135,50.006
20900,136,49.944
20910,135,50.019
20920,136,50.000
20930,136,49.994
20940,136,49.994
20950,135,50.025
20960,135,50.013
20970,136,49.988
20980,135,50.056
20990,135,50.031
21000,135,50.056
21010,135,50.025
21020,135,50.006
21030,135,50.063
21040,135,50.000
21050,135,50.013
21060,135,49.981
21070,135,50.031
21080,135,50.000
21090,135,50.031
21100,135,50.006
21110,135,49.994
21120,135,49.994
21130,135,50.000
21140,135,50.031
21150,136,49.931
21160,136,49.956
21170,135,49.969
21180,135,50.000
21190,135,50.000
21200,135,49.988
21210,135,49.981
21220,135,49.994
21230,135,50.038
21240,135,50.031
21250,135,50.000
21260,135,50.025
21270,135,49.988
21280,135,50.075
21290,135,50.000
21300,135,50.069
21310,135,50.038
21320,135,50.031
21330,135,49.988
21340,135,50.006
21350,135,50.069
21360,135,49.981
21370,135,50.025
21380,135,49.950
21390,135,50.038
21400,135,50.050
21410,135,50.000
21420,135,50.000
21430,135,49.988
21440,134,50.106
21450,134,50.056
21460,135,50.031
21470,134,50.044
21480,134,50.056
21490,134,50.100
21500,134,50.031
21510,134,50.031
21520,134,50.006
21530,134,50.063
21540,134,49.994
21550,135,49.963
21560,135,49.963
21570,135,49.950
21580,135,49.950
21590,135,49.919
21600,135,49.938
21610,136,49.869
21620,135,49.938
21630,136,49.900
21640,136,49.900
21650,136,49.875
21660,136,49.881
21670,136,49.938
21680,136,49.881
21690,136,49.944
21700,136,49.888
21710,136,49.988
21720,136,49.981
21730,136,49.963
21740,136,50.000
21750,136,49.969
21760,135,50.069
21770,136,49.981
21780,136,50.025
21790,136,50.000
21800,135,50.069
21810,135,50.100
21820,135,50.031
21830,135,50.056
21840,135,50.013
21850,135,50.094
21860,135,50.106
21870,135,50.094
21880,135,50.094
21890,135,50.081
21900,134,50.131
21910,134,50.063
21920,134,50.100
21930,134,50.050
21940,134,50.100
21950,134,50.025
21960,134,50.056
21970,134,50.069
21980,134,50.019
21990,134,50.031
22000,135,49.950
22010,134,49.994
22020,135,49.969
22030,135,49.963
22040,135,49.981
22050,135,49.931
22060,135,49.956
22070,135,49.925
22080,135,49.956
22090,135,49.931
22100,135,49.963
22110,135,49.981
22120,135,50.006
22130,135,50.000
22140,135,49.994
22150,134,50.063
22160,135,49.994
22170,135,50.025
22180,134,50.063
22190,134,50.025
22200,134,50.063
22210,134,50.050
22220,134,50.069
22230,135,49.988
22240,134,50.000
22250,135,49.981
22260,135,49.969
22270,135,49.981
22280,135,49.919
22290,135,49.981
22300,135,49.925
22310,135,49.931
22320,136,49.869
22330,135,49.931
22340,136,49.894
22350,136,49.938
22360,136,49.900
22370,136,49.894
22380,136,49.925
22390,136,49.931
22400,136,49.950
22410,136,49.925
22420,136,49.963
22430,136,50.000
22440,136,50.006
22450,136,49.988
22460,136,49.988
22470,136,50.044
22480,136,50.025
22490,135,50.063
22500,136,50.019
22510,135,50.069
22520,135,50.131
22530,135,50.088
22540,135,50.094
22550,135,50.063
22560,134,50.100
22570,134,50.125
22580,134,50.100
22590,134,50.081
22600,134,50.063
22610,134,50.150
22620,134,50.000
22630,134,50.044
22640,135,49.981
22650,134,50.038
22660,134,49.988
22670,135,49.975
22680,135,49.938
22690,135,49.913
22700,135,49.981
22710,135,49.888
22720,135,49.888
22730,136,49.856
22740,136,49.894
22750,136,49.888
22760,136,49.888
22770,136,49.906
22780,136,49.856
22790,136,49.950
22800,136,49.944
22810,136,49.963
22820,136,49.956
22830,136,50.000
22840,136,50.050
22850,136,50.019
22860,136,50.038
22870,136,50.013
22880,135,50.094
22890,135,50.125
22900,135,50.075
22910,135,50.094
22920,135,50.094
22930,134,50.131
22940,135,50.050
22950,134,50.106
22960,134,50.113
22970,134,50.100
22980,134,50.069
22990,134,50.063
23000,134,50.106
23010,134,50.019
23020,134,50.031
23030,134,49.988
23040,135,49.956
23050,135,49.950
23060,135,49.938
23070,135,49.994
23080,135,49.919
23090,135,49.963
23100,135,49.888
23110,135,49.969
23120,135,49.931
23130,135,49.919
23140,135,49.925
23150,136,49.913
23160,136,49.938
23170,136,49.900
23180,136,49.956
23190,136,49.888
23200,136,49.975
23210,136,49.994
23220,136,50.006
23230,135,50.013
23240,135,50.044
23250,135,50.113
23260,135,50.056
23270,135,50.106
23280,134,50.138
23290,134,50.094
23300,134,50.100
23310,134,50.075
23320,134,50.131
23330,134,50.056
23340,134,50.094
23350,134,50.006
23360,134,50.056
23370,134,50.063
23380,134,50.019
23390,134,50.019
23400,135,49.944
23410,134,49.994
23420,135,49.931
23430,135,49.975
23440,135,49.963
23450,135,49.894
23460,135,49.963
23470,135,49.919
23480,135,49.969
23490,135,49.888
23500,135,49.906
23510,136,49.869
23520,136,49.925
23530,136,49.919
23540,136,49.938
23550,136,49.938
23560,136,49.913
23570,135,50.006
23580,136,49.919
23590,136,49.981
23600,136,49.944
23610,136,50.006
23620,136,50.006
23630,136,50.000
23640,135,50.081
23650,135,50.025
23660,135,50.044
23670,135,50.006
23680,135,50.088
23690,134,50.131
23700,135,50.025
23710,135,50.081
23720,135,50.019
23730,134,50.125
23740,134,50.069
23750,134,50.094
23760,134,50.069
23770,134,50.050
23780,134,50.075
23790,134,50.031
23800,134,50.038
23810,134,50.013
23820,134,50.044
23830,134,50.063
23840,134,50.031
23850,134,50.044
23860,134,50.006
23870,134,50.081
23880,134,50.044
23890,134,50.063
23900,134,50.019
23910,134,50.038
23920,133,50.081
23930,133,50.106
23940,133,50.075
23950,133,50.081
23960,133,50.088
23970,133,50.006
23980,134,49.988
23990,134,49.981
24000,133,50.013
24010,133,50.000
24020,134,49.963
24030,134,49.963
24040,134,49.881
24050,134,49.956
24060,134,49.900
24070,135,49.906
24080,135,49.838
24090,135,49.819
24100,135,49.875
24110,135,49.856
24120,136,49.869
24130,136,49.838
24140,136,49.863
24150,136,49.869
24160,136,49.913
24170,136,49.906
24180,136,49.869
24190,136,49.913
24200,136,49.913
24210,136,49.956
24220,136,49.944
24230,136,49.963
24240,136,49.975
24250,136,50.006
24260,136,50.050
24270,136,50.006
24280,136,50.069
24290,136,50.000
24300,136,50.056
24310,136,50.031
24320,135,50.088
24330,135,50.113
24340,135,50.063
24350,135,50.100
24360,135,50.063
24370,135,50.100
24380,135,50.100
24390,134,50.100
24400,134,50.106
24410,134,50.094
24420,134,50.144
24430,134,50.056
24440,134,50.056
24450,134,50.013
24460,134,50.063
24470,134,50.069
24480,134,50.013
24490,134,50.006
24500,134,49.981
24510,134,50.013
24520,135,49.944
24530,135,49.950
24540,135,49.881
24550,135,49.925
24560,135,49.900
24570,135,49.900
24580,135,49.925
24590,136,49.875
24600,135,49.944
24610,136,49.844
24620,136,49.894
24630,137,49.825
24640,136,49.906
24650,136,49.938
24660,136,49.906
24670,136,49.944
24680,137,49.900
24690,136,50.000
24700,137,49.931
24710,136,49.975
24720,137,49.938
24730,136,50.019
24740,136,50.069
24750,136,50.038
24760,136,50.044
24770,136,50.063
24780,135,50.113
24790,135,50.113
24800,135,50.113
24810,135,50.113
24820,135,50.119
24830,134,50.175
24840,134,50.119
24850,134,50.100
24860,134,50.113
24870,134,50.131
24880,134,50.169
24890,134,50.063
24900,134,50.106
24910,134,50.031
24920,133,50.119
24930,134,50.019
24940,134,50.038
24950,134,50.013
24960,134,50.006
24970,134,50.000
24980,134,49.938
24990,134,49.988
25000,134,49.944
25010,134,50.006
25020,135,49.944
25030,134,49.975
25040,135,49.963
25050,134,50.006
25060,134,50.013
25070,134,49.969
25080,134,49.994
25090,134,50.006
25100,134,50.044
25110,134,50.038
25120,134,50.000
25130,134,50.038
25140,134,50.000
25150,134,50.075
25160,134,50.006
25170,134,50.044
25180,134,50.044
25190,133,50.094
25200,133,50.106
25210,133,50.044
25220,133,50.075
25230,133,50.038
25240,133,50.075
25250,133,50.038
25260,133,50.044
25270,133,50.063
25280,133,50.013
25290,133,50.013
25300,134,49.925
25310,134,49.981
25320,134,49.944
25330,134,49.969
25340,134,49.894
25350,134,49.913
25360,134,49.919
25370,134,49.950
25380,134,49.925
25390,135,49.906
25400,134,49.938
25410,135,49.906
25420,134,49.981
25430,135,49.913
25440,135,49.906
25450,135,49.938
25460,135,49.919
25470,135,50.006
25480,135,49.931
25490,135,49.988
25500,135,49.944
25510,134,50.044
25520,134,50.063
25530,135,50.006
25540,134,50.044
25550,135,50.006
25560,134,50.081
25570,134,50.019
25580,134,50.056
25590,134,50.094
25600,134,50.056
25610,134,50.019
25620,134,50.006
25630,134,50.063
25640,134,50.006
25650,134,50.031
25660,134,49.944
25670,134,49.975
25680,134,49.956
25690,135,49.963
25700,135,49.931
25710,135,49.919
25720,135,49.950
25730,135,49.913
25740,135,49.944
25750,135,49.900
25760,135,49.913
25770,135,49.919
25780,136,49.888
25790,135,49.944
25800,136,49.913
25810,136,49.919
25820,136,49.894
25830,136,49.994
25840,136,49.956
25850,136,49.981
25860,136,49.975
25870,136,49.963
25880,135,50.069
25890,136,49.988
25900,135,50.044
25910,135,50.031
25920,135,50.119
25930,135,50.050
25940,135,50.013
25950,135,50.088
25960,135,50.044
25970,135,50.056
25980,135,50.019
25990,135,50.044
26000,134,50.094
26010,134,50.088
26020,134,50.094
26030,135,50.025
26040,134,50.100
26050,134,50.038
26060,134,50.031
26070,134,50.025
26080,134,50.013
26090,134,50.013
26100,134,50.006
26110,134,50.000
26120,135,49.919
26130,135,49.913
26140,135,49.894
26150,135,49.950
26160,135,49.919
26170,136,49.906
26180,135,49.931
26190,136,49.925
26200,135,49.988
26210,136,49.913
26220,136,49.963
26230,136,49.900
26240,135,49.994
26250,136,49.969
26260,135,50.019
26270,135,50.081
26280,135,50.038
26290,135,50.100
26300,135,50.031
26310,134,50.113
26320,134,50.131
26330,134,50.113
26340,134,50.113
26350,134,50.063
26360,134,50.138
26370,134,50.056
26380,134,50.056
26390,134,50.006
26400,134,49.994
26410,134,50.025
26420,134,50.006
26430,134,49.994
26440,135,49.919
26450,134,49.981
26460,135,49.931
26470,135,49.969
26480,135,49.900
26490,135,49.894
26500,135,49.881
26510,136,49.863
26520,135,49.931
26530,136,49.888
26540,136,49.881
26550,136,49.850
26560,136,49.906
26570,136,49.919
26580,136,49.888
26590,136,49.931
26600,136,49.931
26610,136,49.938
26620,137,49.925
26630,136,49.988
26640,136,50.000
26650,136,50.025
26660,136,49.994
26670,136,50.000
26680,136,50.056
26690,136,50.038
26700,135,50.094
26710,136,50.025
26720,135,50.094
26730,135,50.131
26740,135,50.094
26750,135,50.106
26760,135,50.081
26770,134,50.119
26780,134,50.125
26790,134,50.138
26800,134,50.131
26810,134,50.075
26820,134,50.113
26830,134,50.019
26840,134,50.094
26850,134,50.006
26860,134,50.038
26870,134,50.019
26880,134,50.031
26890,134,49.994
26900,135,49.925
26910,135,49.950
26920,135,49.913
26930,135,49.969
26940,135,49.875
26950,135,49.975
26960,135,49.956
26970,135,49.944
26980,135,49.906
26990,135,49.925
27000,135,49.944
27010,136,49.938
27020,135,49.969
27030,136,49.894
27040,136,49.913
27050,136,49.963
27060,136,49.963
27070,136,49.994
27080,136,49.988
27090,135,50.025
27100,135,50.044
27110,135,50.031
27120,135,50.025
27130,135,50.031
27140,135,50.081
27150,135,50.094
27160,135,50.094
27170,135,50.031
27180,135,50.069
27190,134,50.081
27200,134,50.113
27210,134,50.094
27220,134,50.075
27230,134,50.075
27240,134,50.106
27250,134,50.050
27260,134,50.044
27270,134,50.050
27280,134,50.044
27290,134,49.963
27300,134,49.994
27310,134,49.969
27320,134,50.013
27330,135,49.913
27340,135,49.950
27350,135,49.881
27360,135,49.950
27370,135,49.950
27380,135,49.950
27390,135,49.913
27400,135,49.925
27410,135,49.963
27420,135,49.931
27430,135,49.963
27440,135,49.950
27450,136,49.894
27460,136,49.944
27470,136,49.950
27480,135,49.994
27490,136,49.919
27500,136,49.975
27510,136,49.963
27520,135,50.031
27530,135,50.044
27540,135,49.994
27550,135,50.075
27560,135,50.050
27570,135,50.106
27580,135,50.050
27590,134,50.100
27600,134,50.075
27610,135,50.038
27620,134,50.100
27630,134,50.050
27640,134,50.138
27650,134,50.069
27660,134,50.100
27670,134,50.094
27680,134,50.081
27690,133,50.125
27700,134,50.056
27710,133,50.100
27720,134,50.019
27730,133,50.100
27740,133,50.069
27750,133,50.031
27760,134,49.994
27770,134,49.988
27780,134,49.994
27790,134,49.956
27800,134,49.944
27810,135,49.875
27820,134,49.925
27830,135,49.863
27840,135,49.894
27850,135,49.900
27860,135,49.825
27870,136,49.838
27880,136,49.850
27890,135,49.906
27900,136,49.838
27910,136,49.888
27920,136,49.863
27930,136,49.888
27940,136,49.894
27950,136,49.919
27960,136,49.931
27970,136,49.925
27980,136,49.956
27990,136,49.950
28000,136,50.038
28010,136,50.013
28020,136,50.038
28030,136,50.050
28040,136,50.038
28050,135,50.100
28060,135,50.056
28070,135,50.100
28080,135,50.025
28090,135,50.081
28100,135,50.106
28110,135,50.088
28120,135,50.094
28130,135,50.050
28140,134,50.125
28150,134,50.063
28160,134,50.106
28170,134,50.063
28180,134,50.069
28190,134,50.125
28200,134,50.025
28210,134,50.019
28220,134,49.994
28230,134,50.013
28240,135,49.969
28250,135,49.956
28260,135,49.963
28270,135,49.931
28280,135,50.000
28290,135,49.913
28300,135,49.944
28310,136,49.881
28320,135,49.975
28330,135,49.938
28340,135,49.969
28350,135,49.938
28360,135,49.938
28370,135,49.981
28380,135,49.963
28390,136,49.950
28400,136,49.925
28410,136,49.963
28420,135,50.006
28430,135,50.000
28440,135,49.988
28450,136,49.975
28460,135,50.019
28470,135,50.006
28480,135,50.031
28490,135,49.988
28500,135,50.013
28510,135,50.069
28520,135,50.075
28530,135,50.081
28540,135,50.006
28550,135,50.069
28560,134,50.094
28570,134,50.069
28580,134,50.131
28590,134,50.113
28600,134,50.138
28610,134,50.069
28620,134,50.113
28630,133,50.106
28640,133,50.163
28650,133,50.119
28660,133,50.100
28670,133,50.138
28680,133,50.069
28690,133,50.100
28700,133,50.075
28710,133,50.038
28720,133,50.044
28730,133,50.069
28740,132,50.100
28750,133,49.988
28760,133,50.025
28770,133,49.956
28780,133,50.000
28790,133,49.950
28800,133,49.950
28810,134,49.900
28820,134,49.944
28830,134,49.931
28840,134,49.925
28850,134,49.925
28860,135,49.844
28870,134,49.913
28880,134,49.900
28890,134,49.975
28900,135,49.913
28910,134,49.931
28920,134,49.969
28930,135,49.894
28940,135,49.956
28950,135,49.875
28960,135,49.963
28970,135,49.931
28980,135,49.925
28990,135,49.919
29000,135,49.938
29010,135,49.994
29020,135,49.956
29030,135,49.975
29040,135,49.931
29050,135,49.969
29060,135,50.006
29070,135,50.000
29080,135,49.981
29090,135,49.988
29100,135,50.025
29110,135,49.981
29120,135,50.025
29130,135,50.000
29140,135,50.000
29150,135,50.038
29160,135,50.019
29170,135,50.063
29180,135,50.000
29190,134,50.081
29200,134,50.063
29210,134,50.069
29220,134,50.050
29230,134,50.075
29240,134,50.056
29250,135,49.981
29260,134,50.050
29270,134,50.000
29280,134,50.025
29290,134,50.019
29300,135,49.956
29310,135,49.975
29320,135,49.969
29330,134,50.044
29340,135,49.956
29350,135,49.969
29360,135,49.944
29370,135,49.988
29380,135,49.988
29390,134,50.013
29400,135,49.994
29410,135,49.963
29420,134,50.038
29430,135,50.000
29440,134,50.025
29450,135,49.925
29460,135,50.013
29470,135,50.000
29480,135,50.006
29490,135,49.994
29500,135,49.950
29510,135,50.019
29520,135,49.963
29530,134,50.031
29540,135,49.981
29550,135,49.981
29560,134,50.050
29570,135,49.969
29580,135,49.988
29590,135,49.963
29600,135,50.025
29610,135,49.950
29620,135,49.956
29630,135,49.969
29640,135,49.988
29650,135,49.994
29660,135,49.950
29670,135,49.963
29680,135,49.938
29690,135,50.019
29700,135,50.006
29710,135,50.006
29720,135,50.006
29730,135,49.969
29740,135,50.000
29750,135,49.963
29760,135,50.019
29770,135,49.950
29780,135,50.019
29790,135,50.013
29800,135,50.006
29810,135,50.000
29820,135,49.988
29830,135,50.013
29840,135,50.031
29850,135,50.038
29860,135,50.013
29870,135,50.006
29880,135,50.050
29890,135,49.994
29900,135,50.019
29910,135,50.000
29920,134,50.063
29930,135,49.994
29940,135,50.025
29950,135,50.031
29960,134,50.050
29970,134,50.106
29980,134,50.044
29990,134,50.069
30000,134,50.050
30010,134,50.094
30020,134,50.069
30030,134,50.031
30040,134,50.031
30050,134,50.006
30060,134,50.069
30070,134,49.969
30080,134,49.981
30090,135,49.944
30100,134,49.956
30110,135,49.938
30120,135,49.963
30130,135,49.919
30140,135,49.925
30150,135,49.975
30160,135,49.931
30170,135,49.963
30180,135,49.931
30190,136,49.881
30200,135,49.944
30210,135,49.950
30220,136,49.900
30230,136,49.931
30240,135,49.994
30250,136,49.925
30260,135,49.969
30270,135,49.981
30280,135,50.000
30290,135,50.038
30300,136,49.950
30310,135,50.025
30320,136,49.950
30330,135,50.056
30340,135,50.025
30350,135,50.025
30360,135,50.056
30370,135,50.038
30380,134,50.106
30390,135,50.031
30400,135,50.044
30410,135,50.000
30420,134,50.075
30430,134,50.063
30440,135,50.013
30450,134,50.063
30460,135,50.025
30470,134,50.056
30480,135,49.981
30490,135,50.019
30500,135,49.950
30510,135,50.013
30520,135,49.988
30530,135,50.000
30540,135,49.994
30550,135,49.963
30560,135,50.019
30570,135,49.994
30580,135,49.950
30590,135,49.963
30600,135,50.006
30610,135,50.031
30620,135,49.944
30630,135,50.025
30640,135,49.950
30650,135,50.019
30660,135,50.013
30670,135,49.975
30680,135,49.975
30690,135,50.000
30700,135,50.050
30710,135,49.969
30720,135,50.013
30730,135,49.950
30740,135,50.044
30750,135,49.994
30760,135,49.994
30770,135,49.988
30780,135,49.963
30790,135,50.000
30800,135,49.938
30810,135,50.006
30820,135,49.938
30830,135,50.006
30840,135,50.006
30850,135,49.994
30860,135,49.988
30870,135,49.981
30880,135,50.019
30890,136,49.931
30900,135,49.956
30910,135,49.956
30920,135,50.006
30930,135,50.025
30940,136,49.944
30950,135,50.019
30960,136,49.963
30970,135,50.025
30980,135,50.006
30990,135,50.013
31000,135,49.963
31010,135,50.006
31020,135,50.050
31030,135,50.013
31040,135,50.013
31050,135,50.006
31060,135,50.100
31070,135,50.031
31080,135,50.019
31090,135,50.025
31100,135,50.044
31110,134,50.100
31120,135,50.031
31130,135,50.031
31140,135,49.994
31150,135,50.025
31160,134,50.038
31170,135,50.019
31180,135,49.994
31190,135,50.000
31200,134,50.056
31210,135,49.969
31220,135,49.994
31230,135,50.000
31240,135,50.013
31250,135,50.006
31260,135,49.988
31270,135,49.981
31280,135,49.969
31290,135,50.025
31300,135,50.006
31310,135,49.969
31320,135,50.019
31330,134,50.056
31340,134,50.056
31350,134,50.044
31360,134,50.050
31370,134,50.088
31380,134,50.113
31390,134,50.094
31400,134,50.088
31410,133,50.119
31420,133,50.119
31430,133,50.144
31440,133,50.125
31450,133,50.113
31460,133,50.088
31470,132,50.163
31480,132,50.125
31490,133,50.050
31500,132,50.125
31510,132,50.069
31520,132,50.094
31530,132,50.006
31540,132,50.038
31550,132,50.000
31560,132,50.000
31570,133,49.950
31580,133,49.925
31590,133,49.963
31600,133,49.938
31610,133,49.950
31620,134,49.863
31630,134,49.881
31640,134,49.831
31650,134,49.875
31660,134,49.906
31670,134,49.856
31680,134,49.888
31690,135,49.844
31700,135,49.919
31710,135,49.925
31720,135,49.913
31730,135,49.919
31740,135,49.931
31750,134,50.063
31760,134,49.994
31770,134,50.038
31780,134,50.044
31790,134,50.094
31800,133,50.113
31810,133,50.100
31820,133,50.088
31830,133,50.094
31840,133,50.156
31850,133,50.056
31860,133,50.094
31870,133,50.106
31880,133,50.094
31890,133,50.088
31900,133,50.056
31910,132,50.131
31920,133,50.038
31930,132,50.094
31940,133,50.006
31950,132,50.025
31960,133,50.006
31970,132,50.019
31980,133,49.988
31990,133,49.931
32000,133,49.963
32010,133,49.900
32020,133,49.969
32030,133,49.931
32040,134,49.906
32050,134,49.906
32060,134,49.931
32070,134,49.925
32080,134,49.894
32090,134,49.944
32100,134,49.863
32110,134,49.981
32120,134,49.925
32130,134,49.931
32140,135,49.881
32150,135,49.919
32160,135,49.931
32170,135,49.925
32180,135,49.944
32190,135,49.925
32200,134,50.000
32210,135,49.981
32220,135,49.981
32230,134,50.019
32240,134,50.000
32250,134,50.056
32260,135,49.975
32270,134,50.025
32280,134,50.025
32290,134,50.075
32300,134,50.044
32310,134,50.063
32320,134,50.056
32330,134,50.063
32340,133,50.088
32350,134,49.994
32360,134,50.025
32370,134,50.025
32380,134,50.006
32390,134,50.044
32400,134,49.944
32410,134,49.963
32420,134,49.944
32430,134,49.975
32440,134,49.931
32450,134,49.950
32460,135,49.888
32470,135,49.931
32480,135,49.925
32490,135,49.938
32500,135,49.944
32510,135,49.863
32520,135,49.906
32530,135,49.913
32540,136,49.894
32550,136,49.913
32560,136,49.913
32570,135,49.988
32580,136,49.900
32590,136,49.956
32600,136,49.944
32610,135,50.013
32620,135,50.025
32630,136,49.988
32640,135,50.019
32650,135,49.994
32660,135,50.050
32670,135,49.988
32680,135,50.038
32690,135,50.044
32700,135,50.075
32710,135,50.094
32720,135,50.038
32730,135,50.069
32740,135,50.019
32750,134,50.094
32760,134,50.056
32770,134,50.056
32780,134,50.038
32790,135,50.000
32800,134,50.056
32810,135,49.994
32820,135,50.006
32830,135,49.925
32840,135,50.000
32850,135,49.963
32860,135,49.963
32870,135,49.956
32880,135,49.938
32890,135,49.988
32900,136,49.913
32910,135,49.956
32920,136,49.881
32930,135,49.994
32940,135,49.963
32950,136,49.956
32960,135,49.981
32970,136,49.969
32980,135,50.038
32990,136,49.938
33000,136,49.969
33010,136,49.925
33020,135,50.025
33030,135,50.044
33040,135,50.000
33050,135,50.019
33060,136,49.981
33070,135,50.100
33080,135,50.056
33090,135,50.025
33100,135,50.044
33110,135,50.075
33120,134,50.119
33130,134,50.106
33140,134,50.100
33150,134,50.081
33160,134,50.131
33170,134,50.106
33180,134,50.100
33190,134,50.069
33200,134,50.081
33210,134,50.075
33220,134,49.994
33230,134,50.069
33240,134,49.994
33250,134,50.038
33260,134,49.956
33270,134,49.956
33280,134,49.925
33290,135,49.919
33300,134,49.988
33310,135,49.906
33320,135,49.956
33330,135,49.894
33340,135,49.981
33350,135,49.956
33360,135,49.975
33370,135,49.931
33380,135,49.931
33390,135,50.006
33400,135,49.969
33410,135,49.988
33420,135,49.944
33430,135,50.025
33440,135,50.019
33450,135,50.025
33460,135,50.019
33470,135,49.994
33480,134,50.069
33490,134,50.044
33500,134,50.038
33510,134,50.013
33520,134,50.025
33530,134,50.050
33540,135,49.988
33550,134,50.031
33560,135,49.969
33570,134,50.031
33580,134,50.000
33590,134,49.994
33600,135,49.969
33610,135,49.988
33620,135,49.981
33630,135,49.956
33640,135,49.956
33650,135,49.913
33660,135,50.000
33670,135,49.938
33680,135,49.950
33690,136,49.894
33700,135,49.938
33710,135,49.938
33720,136,49.931
33730,136,49.944
33740,136,49.919
33750,136,49.931
33760,136,49.975
33770,135,50.013
33780,136,49.988
33790,135,49.994
33800,135,50.031
33810,135,50.000
33820,135,50.025
33830,135,49.994
33840,135,50.031
33850,135,50.044
33860,135,50.038
33870,135,50.038
33880,135,50.044
33890,135,50.094
33900,134,50.088
33910,135,50.056
33920,135,50.050
33930,134,50.069
33940,134,50.113
33950,134,50.056
33960,134,50.106
33970,134,50.056
33980,134,50.094
33990,134,50.100
34000,134,50.031
34010,134,50.063
34020,134,50.044
34030,133,50.100
34040,134,50.019
34050,134,50.013
34060,134,49.950
34070,134,50.000
34080,134,49.956
34090,134,49.956
34100,134,49.956
34110,135,49.931
34120,135,49.931
34130,135,49.913
34140,135,49.963
34150,135,49.906
34160,135,49.925
34170,135,49.913
34180,135,49.963
34190,135,49.963
34200,135,49.963
34210,134,50.063
34220,135,49.994
34230,134,50.038
34240,134,50.038
34250,134,50.075
34260,134,50.113
34270,134,50.100
34280,134,50.119
34290,133,50.125
34300,133,50.156
34310,133,50.150
34320,133,50.094
34330,133,50.156
34340,133,50.113
34350,132,50.150
34360,132,50.106
34370,132,50.106
34380,133,50.031
34390,132,50.088
34400,132,50.069
34410,132,50.025
34420,133,49.988
34430,133,49.963
34440,133,49.988
34450,133,49.938
34460,133,49.944
34470,134,49.875
34480,134,49.900
34490,134,49.844
34500,134,49.881
34510,134,49.925
34520,135,49.825
34530,134,49.931
34540,135,49.881
34550,135,49.888
34560,135,49.863
34570,134,49.963
34580,135,49.938
34590,135,49.963
34600,135,49.938
34610,135,49.925
34620,135,49.994
34630,135,49.981
34640,134,50.025
34650,135,49.956
34660,134,50.019
34670,134,50.056
34680,134,50.025
34690,134,50.081
34700,134,50.019
34710,134,50.088
34720,134,50.019
34730,134,50.063
34740,134,50.038
34750,134,50.013
34760,134,50.038
34770,134,49.994
34780,134,50.031
34790,134,49.931
34800,134,49.969
34810,134,49.969
34820,134,49.981
34830,134,49.981
34840,135,49.888
34850,135,49.944
34860,135,49.881
34870,135,49.931
34880,135,49.875
34890,135,49.931
34900,135,49.938
34910,135,49.969
34920,135,49.931
34930,136,49.925
34940,135,50.006
34950,135,49.950
34960,135,50.019
34970,135,49.944
34980,135,49.969
34990,135,50.006
35000,135,50.019
35010,0,50.025
35020,0,49.913
35030,0,49.613
35040,0,49.431
35050,0,49.269
35060,0,49.119
35070,0,49.000
35080,0,48.844
35090,0,48.738
35100,0,48.631
35110,0,48.500
35120,0,48.356
35130,0,48.263
35140,0,48.125
35150,0,48.006
35160,0,47.919
35170,0,47.806
35180,0,47.681
35190,0,47.563
35200,0,47.444
35210,0,47.331
35220,0,47.194
35230,0,47.069
35240,0,46.919
35250,0,46.825
35260,0,46.738
35270,0,46.594
35280,0,46.469
35290,0,46.356
35300,0,46.231
35310,0,46.175
35320,0,46.038
35330,0,45.925
35340,0,45.781
35350,0,45.700
35360,0,45.581
35370,0,45.456
35380,0,45.338
35390,0,45.275
35400,0,45.144
35410,0,45.038
35420,0,44.900
35430,0,44.838
35440,0,44.725
35450,0,44.600
35460,0,44.494
35470,0,44.406
35480,0,44.269
35490,0,44.144
35500,0,44.069
35510,0,43.994
35520,0,43.850
35530,0,43.738
35540,0,43.694
35550,0,43.563
35560,0,43.438
35570,0,43.369
35580,0,43.231
35590,0,43.119
35600,0,43.038
35610,0,42.925
35620,0,42.844
35630,0,42.744
35640,0,42.619
35650,0,42.550
35660,0,42.413
35670,0,42.325
35680,0,42.238
35690,0,42.106
35700,0,42.025
35710,0,41.906
35720,0,41.831
35730,0,41.738
35740,0,41.600
35750,0,41.544
35760,0,41.419
35770,0,41.356
35780,0,41.219
35790,0,41.163
35800,0,41.031
35810,0,40.969
35820,0,40.831
35830,0,40.781
35840,0,40.681
35850,0,40.563
35860,0,40.444
35870,0,40.356
35880,0,40.288
35890,0,40.169
35900,0,40.106
35910,0,40.000
35920,0,39.913
35930,0,39.819
35940,0,39.713
35950,0,39.625
35960,0,39.550
35970,0,39.431
35980,0,39.350
35990,0,39.238
36000,0,39.163
36010,0,39.075
36020,0,38.994
36030,0,38.894
36040,0,38.806
36050,0,38.738
36060,0,38.631
36070,0,38.538
36080,0,38.438
36090,0,38.381
36100,0,38.263
36110,0,38.181
36120,0,38.100
36130,0,38.000
36140,0,37.919
36150,0,37.831
36160,0,37.750
36170,0,37.694
36180,0,37.581
36190,0,37.481
36200,0,37.394
36210,0,37.338
36220,0,37.219
36230,0,37.156
36240,0,37.038
36250,0,36.969
36260,0,36.869
36270,0,36.788
36280,0,36.700
36290,0,36.606
36300,0,36.506
36310,0,36.450
36320,0,36.350
36330,0,36.269
36340,0,36.200
36350,0,36.094
36360,0,36.056
36370,0,35.950
36380,0,35.863
36390,0,35.788
36400,0,35.719
36410,0,35.619
36420,0,35.525
36430,0,35.469
36440,0,35.350
36450,0,35.300
36460,0,35.206
36470,0,35.119
36480,0,35.050
36490,0,34.994
36500,0,34.900
36510,0,34.825
36520,0,34.694
36530,0,34.638
36540,0,34.556
36550,0,34.494
36560,0,34.375
36570,0,34.319
36580,0,34.200
36590,0,34.163
36600,0,34.044
36610,0,34.006
36620,0,33.888
36630,0,33.831
36640,0,33.763
36650,0,33.669
36660,0,33.575
36670,0,33.519
36680,0,33.463
36690,0,33.344
36700,0,33.263
36710,0,33.181
36720,0,33.131
36730,0,33.013
36740,0,32.963
36750,0,32.881
36760,0,32.813
36770,0,32.706
36780,0,32.638
36790,0,32.575
36800,0,32.469
36810,0,32.406
36820,0,32.306
36830,0,32.269
36840,0,32.194
36850,0,32.119
36860,0,32.031
36870,0,31.963
36880,0,31.875
36890,0,31.800
36900,0,31.756
36910,0,31.625
36920,0,31.569
36930,0,31.481
36940,0,31.431
36950,0,31.350
36960,0,31.263
36970,0,31.194
36980,0,31.125
36990,0,31.050
37000,0,30.963
37010,0,30.900
37020,0,30.794
37030,0,30.744
37040,0,30.663
37050,0,30.575
37060,0,30.506
37070,0,30.450
37080,0,30.350
37090,0,30.306
37100,0,30.200
37110,0,30.144
37120,0,30.056
37130,0,30.025
37140,0,29.900
37150,0,29.838
37160,0,29.769
37170,0,29.713
37180,0,29.600
37190,0,29.550
37200,0,29.463
37210,0,29.406
37220,0,29.306
37230,0,29.244
37240,0,29.163
37250,0,29.113
37260,0,29.038
37270,0,28.969
37280,0,28.863
37290,0,28.806
37300,0,28.725
37310,0,28.669
37320,0,28.569
37330,0,28.500
37340,0,28.425
37350,0,28.375
37360,0,28.300
37370,0,28.238
37380,0,28.163
37390,0,28.075
37400,0,27.994
37410,0,27.944
37420,0,27.881
37430,0,27.813
37440,0,27.706
37450,0,27.638
37460,0,27.581
37470,0,27.494
37480,0,27.438
37490,0,27.369
37500,0,27.281
37510,0,27.206
37520,0,27.156
37530,0,27.075
37540,0,26.981
37550,0,26.919
37560,0,26.838
37570,0,26.794
37580,0,26.706
37590,0,26.644
37600,0,26.569
37610,0,26.513
37620,0,26.413
37630,0,26.331
37640,0,26.294
37650,0,26.206
37660,0,26.150
37670,0,26.038
37680,0,25.988
37690,0,25.938
37700,0,25.869
37710,0,25.813
37720,0,25.694
37730,0,25.650
37740,0,25.556
37750,0,25.513
37760,0,25.419
37770,0,25.369
37780,0,25.294
37790,0,25.238
37800,0,25.163
37810,0,25.069
37820,0,25.000
37830,0,24.963
37840,0,24.850
37850,0,24.775
37860,0,24.725
37870,0,24.650
37880,0,24.606
37890,0,24.500
37900,0,24.450
37910,0,24.369
37920,0,24.300
37930,0,24.200
37940,0,24.150
37950,0,24.063
37960,0,24.025
37970,0,23.950
37980,0,23.863
37990,0,23.800
38000,0,23.713
38010,0,23.669
38020,0,23.600
38030,0,23.550
38040,0,23.431
38050,0,23.369
38060,0,23.306
38070,0,23.244
38080,0,23.156
38090,0,23.094
38100,0,23.025
38110,0,22.981
38120,0,22.913
38130,0,22.806
38140,0,22.731
38150,0,22.675
38160,0,22.638
38170,0,22.519
38180,0,22.456
38190,0,22.413
38200,0,22.331
38210,0,22.231
38220,0,22.169
38230,0,22.113
38240,0,22.031
38250,0,21.969
38260,0,21.888
38270,0,21.838
38280,0,21.763
38290,0,21.663
38300,0,21.594
38310,0,21.544
38320,0,21.481
38330,0,21.406
38340,0,21.300
38350,0,21.250
38360,0,21.156
38370,0,21.088
38380,0,21.025
38390,0,20.956
38400,0,20.894
38410,0,20.775
38420,0,20.750
38430,0,20.669
38440,0,20.619
38450,0,20.500
38460,0,20.450
38470,0,20.375
38480,0,20.294
38490,0,20.250
38500,0,20.188
38510,0,20.088
38520,0,20.006
38530,0,19.969
38540,0,19.838
38550,0,19.788
38560,0,19.713
38570,0,19.650
38580,0,19.550
38590,0,19.506
38600,0,19.450
38610,0,19.344
38620,0,19.269
38630,0,19.231
38640,0,19.113
38650,0,19.044
38660,0,18.944
38670,0,18.888
38680,0,18.819
38690,0,18.738
38700,0,18.650
38710,0,18.613
38720,0,18.563
38730,0,18.450
38740,0,18.394
38750,0,18.300
38760,0,18.219
38770,0,18.169
38780,0,18.056
38790,0,17.988
38800,0,17.938
38810,0,17.844
38820,0,17.813
38830,0,17.694
38840,0,17.638
38850,0,17.506
38860,0,17.456
38870,0,17.375
38880,0,17.325
38890,0,17.200
38900,0,17.163
38910,0,17.088
38920,0,17.000
38930,0,16.919
38940,0,16.844
38950,0,16.763
38960,0,16.713
38970,0,16.581
38980,0,16.544
38990,0,16.450
39000,0,16.400
39010,0,16.275
39020,0,16.225
39030,0,16.156
39040,0,16.075
39050,0,15.994
39060,0,15.913
39070,0,15.838
39080,0,15.744
39090,0,15.656
39100,0,15.594
39110,0,15.513
39120,0,15.469
39130,0,15.363
39140,0,15.306
39150,0,15.213
39160,0,15.119
39170,0,15.056
39180,0,14.963
39190,0,14.881
39200,0,14.819
39210,0,14.744
39220,0,14.644
39230,0,14.575
39240,0,14.488
39250,0,14.419
39260,0,14.325
39270,0,14.238
39280,0,14.150
39290,0,14.063
39300,0,14.000
39310,0,13.888
39320,0,13.825
39330,0,13.744
39340,0,13.681
39350,0,13.575
39360,0,13.506
39370,0,13.394
39380,0,13.313
39390,0,13.231
39400,0,13.138
39410,0,13.050
39420,0,13.000
39430,0,12.875
39440,0,12.825
39450,0,12.744
39460,0,12.631
39470,0,12.556
39480,0,12.488
39490,0,12.394
39500,0,12.275
39510,0,12.200
39520,0,12.150
39530,0,12.038
39540,0,11.944
39550,0,11.838
39560,0,11.781
39570,0,11.669
39580,0,11.588
39590,0,11.513
39600,0,11.394
39610,0,11.300
39620,0,11.225
39630,0,11.144
39640,0,11.069
39650,0,10.956
39660,0,10.869
39670,0,10.756
39680,0,10.681
39690,0,10.563
39700,0,10.506
39710,0,10.369
39720,0,10.319
39730,0,10.200
39740,0,10.150
39750,0,10.019
39760,0,9.963
39770,0,9.825
39780,0,9.769
39790,0,9.625
39800,0,9.569
39810,0,9.456
39820,0,9.338
39830,0,9.306
39840,0,9.163
39850,0,9.081
39860,0,8.975
39870,0,8.850
39880,0,8.775
39890,0,8.663
39900,0,8.550
39910,0,8.475
39920,0,8.350
39930,0,8.231
39940,0,8.150
39950,0,8.050
39960,0,7.894
39970,0,7.794
39980,0,7.638
39990,0,7.519
40000,0,7.363
40010,0,7.244
40020,0,7.113
40030,0,7.006
40040,0,6.888
40050,0,6.694
40060,0,6.569
40070,0,6.388
40080,0,6.238
40090,0,6.031
40100,0,5.875
40110,0,5.681
40120,0,5.456
40130,0,5.250
40140,0,4.994
40150,0,4.756
40160,0,4.356
40170,0,3.619
40180,0,3.263
40190,0,3.244
40200,0,3.263
40210,0,3.250
40220,0,3.263
40230,0,3.244
40240,0,3.256
40250,0,3.250
40260,0,3.269
40270,0,3.263
40280,0,3.263
40290,0,3.263
40300,0,3.256
40310,0,3.244
40320,0,3.263
40330,0,3.244
40340,0,3.263
40350,0,3.244
40360,0,3.263
40370,0,3.250
40380,0,3.263
40390,0,3.244
40400,0,3.263
40410,0,3.250
40420,0,3.256
40430,0,3.263
40440,0,3.256
40450,0,3.238
40460,0,3.263
40470,0,3.269
40480,0,3.263
40490,0,3.244
40500,0,3.250
40510,0,3.238
40520,0,3.263
40530,0,3.244
40540,0,3.269
40550,0,3.269
40560,0,3.256
40570,0,3.263
40580,0,3.275
40590,0,3.269
40600,0,3.256
40610,0,3.256
40620,0,3.244
40630,0,3.250
40640,0,3.250
40650,0,3.256
40660,0,3.256
40670,0,3.275
40680,0,3.263
40690,0,3.275
40700,0,3.263
40710,0,3.269
40720,0,3.269
40730,0,3.256
40740,0,3.250
40750,0,3.250
40760,0,3.250
40770,0,3.256
40780,0,3.263
40790,0,3.263
40800,0,3.244
40810,0,3.256
40820,0,3.231
40830,0,3.256
40840,0,3.256
40850,0,3.263
40860,0,3.256
40870,0,3.256
40880,0,3.269
40890,0,3.263
40900,0,3.238
40910,0,3.250
40920,0,3.244
40930,0,3.256
40940,0,3.231
40950,0,3.256
40960,0,3.238
40970,0,3.256
40980,0,3.250
40990,0,3.256
41000,0,3.256
41010,0,3.263
41020,0,3.244
41030,0,3.250
41040,0,3.231
41050,0,3.256
41060,0,3.238
41070,0,3.256
41080,0,3.244
41090,0,3.269
41100,0,3.250
41110,0,3.256
41120,0,3.244
41130,0,3.263
41140,0,3.269
41150,0,3.263
41160,0,3.256
41170,0,3.269
41180,0,3.269
41190,0,3.269
41200,0,3.263
41210,0,3.269
41220,0,3.250
41230,0,3.263
41240,0,3.244
41250,0,3.263
41260,0,3.263
41270,0,3.269
41280,0,3.269
41290,0,3.269
41300,0,3.269
41310,0,3.250
41320,0,3.263
41330,0,3.256
41340,0,3.281
41350,0,3.269
41360,0,3.250
41370,0,3.263
41380,0,3.250
41390,0,3.263
41400,0,3.256
41410,0,3.263
41420,0,3.269
41430,0,3.269
41440,0,3.250
41450,0,3.269
41460,0,3.244
41470,0,3.281
41480,0,3.250
41490,0,3.263
41500,0,3.250
41510,0,3.263
41520,0,3.250
41530,0,3.250
41540,0,3.238
41550,0,3.256
41560,0,3.244
41570,0,3.256
41580,0,3.250
41590,0,3.263
41600,0,3.250
41610,0,3.256
41620,0,3.250
41630,0,3.256
41640,0,3.244
41650,0,3.256
41660,0,3.250
41670,0,3.269
41680,0,3.256
41690,0,3.238
41700,0,3.269
41710,0,3.263
41720,0,3.256
41730,0,3.263
41740,0,3.250
41750,0,3.275
41760,0,3.244
41770,0,3.256
41780,0,3.238
41790,0,3.250
41800,0,3.269
41810,0,3.256
41820,0,3.256
41830,0,3.269
41840,0,3.256
41850,0,3.244
41860,0,3.263
41870,0,3.250
41880,0,3.263
41890,0,3.250
41900,0,3.269
41910,0,3.263
41920,0,3.269
41930,0,3.250
41940,0,3.269
41950,0,3.263
41960,0,3.256
41970,0,3.256
41980,0,3.263
41990,0,3.256
42000,0,3.256
42010,0,3.269
42020,0,3.244
42030,0,3.269
42040,0,3.256
42050,0,3.263
42060,0,3.263
42070,0,3.250
42080,0,3.269
42090,0,3.244
42100,0,3.263
42110,0,3.244
42120,0,3.263
42130,0,3.263
42140,0,3.250
42150,0,3.238
42160,0,3.256
42170,0,3.231
42180,0,3.250
42190,0,3.238
42200,0,3.269
42210,0,3.250
42220,0,3.263
42230,0,3.263
42240,0,3.263
42250,0,3.250
42260,0,3.263
42270,0,3.256
42280,0,3.244
42290,0,3.256
42300,0,3.250
42310,0,3.256
42320,0,3.250
42330,0,3.269
42340,0,3.250
42350,0,3.256
42360,0,3.250
42370,0,3.263
42380,0,3.244
42390,0,3.256
42400,0,3.244
42410,0,3.263
42420,0,3.250
42430,0,3.263
42440,0,3.244
42450,0,3.256
42460,0,3.269
42470,0,3.269
42480,0,3.269
42490,0,3.250
42500,0,3.269
42510,0,3.263
42520,0,3.288
42530,0,3.256
42540,0,3.269
42550,0,3.250
42560,0,3.263
42570,0,3.263
42580,0,3.263
42590,0,3.244
42600,0,3.256
42610,0,3.256
42620,0,3.263
42630,0,3.256
42640,0,3.269
42650,0,3.250
42660,0,3.275
42670,0,3.269
42680,0,3.256
42690,0,3.269
42700,0,3.263
42710,0,3.263
42720,0,3.256
42730,0,3.269
42740,0,3.263
42750,0,3.275
42760,0,3.263
42770,0,3.269
42780,0,3.256
42790,0,3.288
42800,0,3.250
42810,0,3.269
42820,0,3.250
42830,0,3.269
42840,0,3.256
42850,0,3.275
42860,0,3.269
42870,0,3.250
42880,0,3.256
42890,0,3.244
42900,0,3.256
42910,0,3.256
42920,0,3.269
42930,0,3.256
42940,0,3.269
42950,0,3.256
42960,0,3.263
42970,0,3.250
42980,0,3.263
42990,0,3.263
43000,0,3.250
43010,0,3.263
43020,0,3.256
43030,0,3.244
43040,0,3.263
43050,0,3.250
43060,0,3.263
43070,0,3.256
43080,0,3.263
43090,0,3.244
43100,0,3.256
43110,0,3.238
43120,0,3.275
43130,0,3.256
43140,0,3.269
43150,0,3.256
43160,0,3.269
43170,0,3.256
43180,0,3.263
43190,0,3.244
43200,0,3.263
43210,0,3.256
43220,0,3.269
43230,0,3.250
43240,0,3.275
43250,0,3.275
43260,0,3.269
43270,0,3.263
43280,0,3.269
43290,0,3.256
43300,0,3.269
43310,0,3.244
43320,0,3.275
43330,0,3.263
43340,0,3.269
43350,0,3.263
43360,0,3.269
43370,0,3.263
43380,0,3.275
43390,0,3.256
43400,0,3.275
43410,0,3.256
43420,0,3.269
43430,0,3.250
43440,0,3.263
43450,0,3.275
43460,0,3.256
43470,0,3.269
43480,0,3.250
43490,0,3.263
43500,0,3.250
43510,0,3.263
43520,0,3.263
43530,0,3.250
43540,0,3.275
43550,0,3.269
43560,0,3.263
43570,0,3.281
43580,0,3.263
43590,0,3.269
43600,0,3.269
43610,0,3.256
43620,0,3.244
43630,0,3.263
43640,0,3.250
43650,0,3.281
43660,0,3.269
43670,0,3.263
43680,0,3.269
43690,0,3.256
43700,0,3.275
43710,0,3.256
43720,0,3.263
43730,0,3.250
43740,0,3.269
43750,0,3.263
43760,0,3.269
43770,0,3.263
43780,0,3.275
43790,0,3.256
43800,0,3.263
43810,0,3.269
43820,0,3.269
43830,0,3.269
43840,0,3.256
43850,0,3.275
43860,0,3.263
43870,0,3.275
43880,0,3.263
43890,0,3.275
43900,0,3.263
43910,0,3.275
43920,0,3.256
43930,0,3.269
43940,0,3.256
43950,0,3.275
43960,0,3.275
43970,0,3.263
43980,0,3.263
43990,0,3.263
44000,0,3.269
44010,0,3.250
44020,0,3.269
44030,0,3.269
44040,0,3.256
44050,0,3.263
44060,0,3.256
44070,0,3.275
44080,0,3.263
44090,0,3.275
44100,0,3.263
44110,0,3.275
44120,0,3.269
44130,0,3.269
44140,0,3.263
44150,0,3.281
44160,0,3.275
44170,0,3.263
44180,0,3.269
44190,0,3.256
44200,0,3.269
44210,0,3.250
44220,0,3.269
44230,0,3.256
44240,0,3.275
44250,0,3.269
44260,0,3.263
44270,0,3.281
44280,0,3.256
44290,0,3.275
44300,0,3.263
44310,0,3.275
44320,0,3.275
44330,0,3.269
44340,0,3.256
44350,0,3.269
44360,0,3.250
44370,0,3.269
44380,0,3.263
44390,0,3.275
44400,0,3.269
44410,0,3.281
44420,0,3.263
44430,0,3.275
44440,0,3.256
44450,0,3.281
44460,0,3.263
44470,0,3.269
44480,0,3.263
44490,0,3.269
44500,0,3.263
44510,0,3.275
44520,0,3.250
44530,0,3.269
44540,0,3.250
44550,0,3.275
44560,0,3.281
44570,0,3.275
44580,0,3.281
44590,0,3.269
44600,0,3.294
44610,0,3.263
44620,0,3.269
44630,0,3.263
44640,0,3.269
44650,0,3.269
44660,0,3.275
44670,0,3.263
44680,0,3.275
44690,0,3.263
44700,0,3.275
44710,0,3.263
44720,0,3.275
44730,0,3.269
44740,0,3.288
44750,0,3.256
44760,0,3.269
44770,0,3.250
44780,0,3.288
44790,0,3.263
44800,0,3.263
44810,0,3.244
44820,0,3.256
44830,0,3.238
44840,0,3.256
44850,0,3.250
44860,0,3.263
44870,0,3.263
44880,0,3.275
44890,0,3.256
44900,0,3.263
44910,0,3.256
44920,0,3.263
44930,0,3.256
44940,0,3.256
44950,0,3.244
44960,0,3.263
44970,0,3.250
44980,0,3.269
44990,0,3.250
45000,0,3.269
45010,0,3.269
45020,0,3.275
45030,0,3.250
45040,0,3.263
45050,0,3.250
45060,0,3.263
45070,0,3.250
45080,0,3.263
45090,0,3.244
45100,0,3.256
45110,0,3.275
45120,0,3.263
45130,0,3.250
45140,0,3.263
45150,0,3.250
45160,0,3.263
45170,0,3.250
45180,0,3.263
45190,0,3.256
45200,0,3.263
45210,0,3.250
45220,0,3.269
45230,0,3.269
45240,0,3.250
45250,0,3.269
45260,0,3.269
45270,0,3.263
45280,0,3.269
45290,0,3.263
45300,0,3.269
45310,0,3.269
45320,0,3.275
45330,0,3.263
45340,0,3.269
45350,0,3.263
45360,0,3.263
45370,0,3.256
45380,0,3.263
45390,0,3.256
45400,0,3.269
45410,0,3.256
45420,0,3.281
45430,0,3.256
45440,0,3.288
45450,0,3.250
45460,0,3.263
45470,0,3.250
45480,0,3.263
45490,0,3.269
45500,0,3.269
45510,0,3.256
45520,0,3.275
45530,0,3.256
45540,0,3.269
45550,0,3.250
45560,0,3.269
45570,0,3.250
45580,0,3.269
45590,0,3.256
45600,0,3.269
45610,0,3.256
45620,0,3.269
45630,0,3.256
45640,0,3.281
45650,0,3.256
45660,0,3.275
45670,0,3.250
45680,0,3.263
45690,0,3.269
45700,0,3.256
45710,0,3.263
45720,0,3.250
45730,0,3.269
45740,0,3.256
45750,0,3.269
45760,0,3.256
45770,0,3.288
45780,0,3.263
45790,0,3.269
45800,0,3.256
45810,0,3.263
45820,0,3.250
45830,0,3.269
45840,0,3.269
45850,0,3.263
45860,0,3.263
45870,0,3.244
45880,0,3.263
45890,0,3.256
45900,0,3.263
